,train,test
v3_Logistic_final,0.6774577080988282,0.7115224334915697
v3_RF_final,0.7014757828759302,0.7092343053563939
v3_XGB_final,0.6862743446678596,0.7034725709345606
